<?xml version="1.0" encoding="UTF-8"?>
<suite name="IgateOffer_Direct(BOD)_CIGNAL_Commercial_Transparent_Offer_3PP">
	<test name="FromExistingAccount" enabled="true">
	<parameter name="key.name" value="Igate_Direct_CIGNAL Commercial Transparent Offer_3PP" />
		<classes>
			<class name="com.pldt.tests.PLDT.Products.IgateandCignal"></class>
		<methods>
			<exclude name="CreatingLead" />
			<exclude name="ChangingLeadStatus" />
			<exclude name="ConvertingLead" />
			<exclude name="contactCreationTest" />
	</methods>
		</classes>
	</test>
</suite>