<?xml version="1.0" encoding="UTF-8"?>
<suite name="IgateOffer_Premium(BOD)_CIGNAL_HRH_IP_Offer_CEN">
	<test name="FromExistingAccount" enabled="true">
	<parameter name="key.name" value="Igate_Premium(BOD)_CIGNAL HRH IP Offer_CEN" />
		<classes>
			<class name="com.pldt.tests.PLDT.Products.IgateandCignal"></class>
			<methods>
			<exclude name="CreatingLead" />
			<exclude name="ChangingLeadStatus" />
			<exclude name="ConvertingLead" />
			<exclude name="contactCreationTest" />
	</methods>
		</classes>
	</test>
</suite>