<?xml version="1.0" encoding="UTF-8"?>
<suite name="BB_BeyondFiberSoftBundle">
	<test name="BeyondFiber_CignalHRHTransparent" enabled="true">
		<classes>
			<parameter name="key.name" value="BBBeyondFiber_CignalHRHTransparentOffer" />
			<class name="com.pldt.tests.PLDT.Products.EnterpriseBB_BeyondFiber_CIGNAL"></class>
			<methods>
					<include name="Login_as_Admin_into_SalesForce_Application"/>
					<exclude name="CreateAndConvertLead" />
					<exclude name="createNewContact_fromAccount" />
					<include name="Open_Existing_Account" />
					<include name="createEnterpriseQuote" />
					<include name="selectServiceAddress_In_BulkSites"/>
					<include name="configureCart"/>
					<include name="SiteBandZloc"/>
					<include name="selectBillingAddress" />
					<include name="updateContactDetails" />
					<include name="updateETSDetails" />
					<include name="creditCheck" />
					<include name="syncronize_QLI_Items" />
					<include name="Generate_new_Contract_from_Quote" />
					<include name="verifyOrders" />		
					<include name="getReferenceData" />
				</methods>
		</classes>
	</test>
</suite>