<?xml version="1.0" encoding="UTF-8"?>

<suite name="Enterprise Broadband + vCPE">
	<test name="Enterprise Broadband + vCPE" enabled="true">
		<parameter name="key.name" value="Enterprise_BB_Dynamic+vCPE" />
		<classes>
			<class name="com.pldt.tests.PLDT.Products.EnterpriseBBStatic_vCPE"></class>
				<methods>
					<include name="LoginasAdmin" />
					<exclude name="CreatenewLead" />
					<exclude name="CreatenewContact" />
					<include name="OpenAccount" />
					<include name="createEnterpriseQuote" />
					<include name="AddProductsToCart" />
					<include name="UpdateQuote" />
					<include name="updateETSDetails" />
					<include name="CreditCheck" />
					<include name="syncronizeQLI" />
					<include name="GenerateContract" />
					<include name="GenerateDocuments" />
					<include name="verifyOrders" />   
					<include name="ReferenceData" /> 
				</methods>
		</classes>
	</test>
</suite>