<?xml version="1.0" encoding="UTF-8"?>
<suite name="API" parallel="tests" thread-count="3">
	<test name="API1" enabled="true">
		<parameter name="key.name" value="APIr5" />
		<classes>
			<class
				name="com.ePLDT.tests.R5Products.ColocationTelcoRoomOffer_KVA2Api">
				<methods>
				</methods>
			</class>
		</classes>
	</test>
	<test name="API2" enabled="true">
		<parameter name="key.name" value="APIr5" />
		<classes>
			<class name="com.pldt.tests.PLDT.Products.Standalone_API2">
				<methods>
					<include name="CreatAndConvertLead" />
					<include name="CreatNewContact" />
					<include name="createOpportunity" />
					<include name="createQuote" />
				</methods>
			</class>
		</classes>
	</test>
	<test name="API3" enabled="true">
		<parameter name="key.name" value="APIr5" />
		<classes>
			<class name="com.pldt.tests.PLDT.Products.Standalone_API3">
				<methods>
					<include name="CreatAndConvertLead" />
					<include name="CreatNewContact" />
					<include name="createOpportunity" />
					<include name="createQuote" />
				</methods>
			</class>
		</classes>
	</test>
	<!-- <test name="API4" enabled="true"> -->
	<!-- <parameter name="key.name" value="APIr5" /> -->
	<!-- <classes> -->
	<!-- <class name="com.pldt.tests.PLDT.Products.Standalone_API3"> -->
	<!-- <methods> -->
	<!-- <include name="CreatAndConvertLead" /> -->
	<!-- <include name="CreatNewContact" /> -->
	<!-- <include name="createOpportunity" /> -->
	<!-- <include name="createQuote" /> -->
	<!-- </methods> -->
	<!-- </class> -->
	<!-- </classes> -->
	<!-- </test> -->
</suite>