<?xml version="1.0" encoding="UTF-8"?>
<suite name="Igate_Direct_BoD_3PP">
	<test name="leadtoOrders" enabled="true">
	<parameter name="key.name" value="Igate_Direct_BoD_3PP" />
		<classes>
			<class name="com.pldt.tests.PLDT.Products.IgateOffer"></class>
			<methods>
			<include name="Login_as_Admin_into_SalesForce_Application" />
			<include name="Switching_to_RelationShipManager" />
			<include name="CreatingLead" />
			<include name="ChangingLeadStatus" />
			<include name="ConvertingLead" />
			<include name="contactCreationTest" />
			<exclude name="Open_Existing_Account" />
			<include name="createEnterpriseQuote" />
			<include name="BulkSites" />
			<include name="cartPage" />
			<include name="SiteBandZloc" />
			<include name="billingManagement" />
			<include name="updateContactDetails" />
			<include name="updateETSDetails" />
			<include name="creditCheck" />
			<include name="syncronizeQLIItems" />
			<include name="createContract" />
			<include name="verifyOrders" />
			<include name="getReferenceData" />
	</methods>
		</classes>
	</test>
</suite>