<?xml version="1.0" encoding="UTF-8"?>

<suite name="Enterprise Broadband + CIGNAL">
	<test name="Enterprise Broadband + Cignal HRH Transparant Offer" enabled="true">
		<parameter name="key.name" value="Enterprise_BB_Static+CIGNAL_HRH_Transparent_Offer" />
		<classes>
			<class name="com.pldt.tests.PLDT.Products.EnterpriseBroadbandStatic_CIGNAL"></class>
				<methods>
					<include name="Login_as_Admin_into_SalesForce_Application" />
					<include name="Create_new_Lead_and_Convert" />
					<include name="CreatNewContact" />
					<exclude name="Open_Existing_Account" />
					<include name="create_EnterpriseQuote_And_Selecting_ServiceAddress" />
					<include name="Add_Products_To_Cart" />
					<include name="UpdateQuote" />
					<include name="updateETSDetails" />
					<include name="syncronize_QLI" />
					<include name="Generate_new_Contract_from_Quote" />
					<include name="verify_orders_generated" />   
					<include name="capture_reference_data" /> 
				</methods>
		</classes>
	</test>
</suite>