<?xml version="1.0" encoding="UTF-8"?>

<suite name="Enterprise Broadband SoftBundle">
	<test name="Enterprise BB Dynamic + Cignal Commercial" enabled="true">
		<parameter name="key.name" value="Enterprise_BB_Static+Cignal_Commercial_Transperant_offer" />
		<classes>
			<class name="com.pldt.tests.PLDT.Products.EnterpriseBBStatic_CIGNAL"></class>
				<methods>
				<include name="LoginasAdmin" />
					<exclude name="CreatenewLead" />
					<exclude name="CreatenewContact" />
					<include name="OpenAccount" />
					<include name="createEnterpriseQuote" />
					<include name="AddProductsToCart" />
					<include name="UpdateQuote" />
					<include name="updateETSDetails" />
					<include name="CreditCheck" />
					<include name="syncronizeQLI" />
					<include name="GenerateContract" />
					<include name="GenerateDocuments" />
					<include name="verifyOrders" />   
					<include name="ReferenceData" /> 
				</methods>
		</classes>
	</test>
</suite>