<?xml version="1.0" encoding="UTF-8"?>
<suite name="AfterSales">
	<test name="THSRatingModification" enabled="true">
		<classes>
			<parameter name="key.name" value="P001653-21336" />
			<class
				name="com.pldt.tests.SMART.AfterSales.CaseManagement.THSRatingModification"></class>
			<methods>
				<include name="LoginAsAdmin" />
				<include name="OpenExistingAccount" />
				<include name="CaseCreationOnAccount" />
				<include name="CaseModificationTHSRating" />
				<include name="VerifyTransaction" />
			</methods>
		</classes>
	</test>
</suite>