<?xml version="1.0" encoding="UTF-8"?>
<suite name="IPVPN_ManagedRouter">
	<test name="MultiSites100" enabled="true">
	<parameter name="key.name" value="IPVPN_CISCO ISR 4431_3PP" />
		<classes>
			<class name="com.pldt.tests.PLDT.Products.IPVPNandManagedRouter_MultiSites100"></class>
			<methods>
			<exclude name="CreatingLead" />
			<exclude name="ChangingLeadStatus" />
			<exclude name="ConvertingLead" />
			<exclude name="contactCreationTest" />
	</methods>
		</classes>
	</test>
</suite>