<?xml version="1.0" encoding="UTF-8"?>
<suite name="Igate_Premium(BOD)_ManagedRouter_FTTX">
	<test name="FromExistingAccount" enabled="true">
	<parameter name="key.name" value="Igate_Premium(BOD)_MR_FTTX" />
		<classes>
			<class name="com.pldt.tests.PLDT.Products.IgateandManagedRouter"></class>
		<methods>
			<exclude name="CreatingLead" />
			<exclude name="ChangingLeadStatus" />
			<exclude name="ConvertingLead" />
			<exclude name="contactCreationTest" />
	</methods>
		</classes>
	</test>
</suite>