<?xml version="1.0" encoding="UTF-8"?>
<suite name="Igate_Direct_ManagedRouter_Premium(CEN)">
	<test name="FromExistingAccount" enabled="true">
	<parameter name="key.name" value="Igate_Direct_MR_CEN" />
		<classes>
			<class name="com.pldt.tests.PLDT.Products.IgateandManagedRouter_MultiSite10"></class>
		<methods>
			<exclude name="CreatingLead" />
			<exclude name="ChangingLeadStatus" />
			<exclude name="ConvertingLead" />
			<exclude name="contactCreationTest" />
	</methods>
		</classes>
	</test>
</suite>