<?xml version="1.0" encoding="UTF-8"?>
<suite name="Igate_Premium(BOD)_ManagedServiceDesk_3PP">
	<test name="FromExistingAccount" enabled="true">
		<parameter name="key.name" value="Igate_Premium(BOD)_MR_MSD_3PP" />
		<classes>
			<class
				name="com.pldt.tests.PLDT.Products.IgateandManagedServiceDeskwithManagedRouter"></class>
			<methods>
				<exclude name="CreatingLead" />
				<exclude name="ChangingLeadStatus" />
				<exclude name="ConvertingLead" />
				<exclude name="contactCreationTest" />
			</methods>
		</classes>
	</test>
</suite>