<?xml version="1.0" encoding="UTF-8"?>

<suite name="Enterprise BB+Branch+Camera+Teleco+BIAB+Wifi">
	<test name="E BB+Branch+Camera+Teleco+BIAB+Wifi" enabled="true">
		<parameter name="key.name" value="Enterprise_BB_Dynamic+Branch(SD-WAN and Security)+Smart_Camera+Telecommute+SwitchBIAB+WifiAccessPoint" />
		<classes>
			<class name="com.pldt.tests.PLDT.Products.EnterpriseBB_BRANCHCameraTelecommuteBIABWifi"></class>
				<methods>
					<include name="LoginasAdmin" />
					<exclude name="CreateNewLeadandConvert" />
					<exclude name="CreateNewContact" />
					<include name="OpenExistingAccount" />
					<include name="createQuoteAndSelectServiceAddress" />
					<include name="AddProductsToCart" />
					<include name="UpdateQuote" />
					<include name="updateETSDetails" />
					<include name="syncronizeQLI" />
					<include name="GenerateNewContract" />
					<include name="verifyorders" />   
					<include name="captureReferenceData" /> 
				</methods>
		</classes>
	</test>
</suite>