<?xml version="1.0" encoding="UTF-8"?>

<suite name="PLDT_Enterprise_Broadband+SD-WAN">
	<test name="Enterprise Broadband + SD-WAN" enabled="true">
		<parameter name="key.name" value="Enterprise_BB_Static+ASR1001X SD-WAN" />
		<classes>
			<class name="com.pldt.tests.PLDT.Products.EnterpriseBBStatic_SDWAN"></class>
				<methods>
				<include name="LoginasAdmin" />
					<exclude name="CreatenewLead" />
					<exclude name="CreatenewContact" />
					<include name="OpenAccount" />
					<include name="createEnterpriseQuote" />
					<include name="AddProductsToCart" />
					<include name="UpdateQuote" />
					<include name="updateETSDetails" />
					<include name="CreditCheck" />
					<include name="syncronizeQLI" />
					<include name="GenerateContract" />
					<include name="GenerateDocuments" />
					<include name="verifyOrders" />   
					<include name="ReferenceData" /> 
				</methods>
		</classes>
	</test>
</suite>