<?xml version="1.0" encoding="UTF-8"?>

<suite name="Enterprise Broadband Dynamic">
	<test name="Enterprise Broadband Dynamic" enabled="true">
		<parameter name="key.name" value="Enterprise_BB_Dynamic" />
		<classes>
			<class name="com.pldt.tests.PLDT.Products.EnterpriseBroadband"></class>
				<methods>
					<include name="Login_as_Admin_into_SalesForce_Application" />
					<exclude name="Create_new_Lead_and_Convert" />
					<exclude name="CreatNewContact" />
					<include name="Open_Existing_Account" />
					<include name="create_EnterpriseQuote_And_Selecting_ServiceAddress" />
					<include name="Add_Products_To_Cart" />
					<include name="UpdateQuote" />
					<include name="updateETSDetails" />
					<include name="syncronize_QLI" />
					<include name="Generate_new_Contract_from_Quote" />
					<include name="verify_orders_generated" />   
					<include name="capture_reference_data" /> 
				</methods>
		</classes>
	</test>
</suite>