<?xml version="1.0" encoding="UTF-8"?>
<suite name="NewConnectBB_BeyondFiberSoftBundle">
	<test name="BeyondFiber_OutdoorSecurityCamera" enabled="true">
		<classes>
			<parameter name="key.name" value="BBBeyondFiber_OutdoorSecurityCamera" />
			<class name="com.pldt.tests.PLDT.Products.EnterpriseBB_BeyondFiber_Indoor_Outdoor_SecurityCamera"></class>
			<methods>
					<include name="Login_as_Admin"/>
					<exclude name="CreateAndConvertLead" />
					<exclude name="createNewContact_fromAccount" />
					<include name="Open_Existing_Account" />
					<include name="createEnterpriseQuote" />
					<include name="selectServiceAddInBulkSites"/>
					<include name="configureCart"/>
					<include name="SiteBandZloc"/>
					<include name="selectBillingAddress" />
					<include name="updateContactDetails" />
					<include name="updateETSDetails" />
					<include name="creditCheck" />
					<include name="syncronize_QLI_Items" />
					<include name="Generate_Contract" />
					<include name="verifyOrders" />		
					<include name="getReferenceData" />
				</methods>
		</classes>
	</test>
</suite>