<?xml version="1.0" encoding="UTF-8"?>
<suite name="Igate_Premium(BOD)8Plans_(CEN)">
	<test name="MultiSites10" enabled="true">
	<parameter name="key.name" value="Igate_Premium(BOD)_MultiSite(10)andPlans_CEN" />
		<classes>
			<class name="com.pldt.tests.PLDT.Products.Igate_MultiSites10andPlans"></class>
		<methods>
			<exclude name="CreatingLead" />
			<exclude name="ChangingLeadStatus" />
			<exclude name="ConvertingLead" />
			<exclude name="contactCreationTest" />
	</methods>
		</classes>
	</test>
</suite>