<?xml version="1.0" encoding="UTF-8"?>
<!DOCTYPE suite SYSTEM "http://testng.org/testng-1.0.dtd" >
<suite name="MainConnect">
	<test name="Regression_TC01" enabled="true">
		<parameter name="key.name" value="P003080-1905" />
		<classes>
			<class name="com.pldt.tests.SMART.MainConnect.E2ESO_Regression_TC01">
				<methods>
					<include name="loginAdmin"/>
					<include name="openAccount"/>
					<exclude name="createContact"/>
					<include name="createQuote"/>
					<include name="addingPlan"/>
					<include name="performAssociations"/>
					<include name="serviceabilityWithRM"/>
					<include name="contactsUpdate"/>
					<include name="performTriggerSD"/>
					<include name="switchUser"/>
					<include name="solutionDesignWithETS"/>
					<include name="ETSReviewWithETSUser"/>
					<include name="serviceabilityWithETS"/>
				</methods>
			</class>
		</classes>
	</test>
</suite>