<?xml version="1.0" encoding="UTF-8"?>

<suite name="Enterprise BB+10 Multisites">
	<test name="E BB+10 Multisite" enabled="true">
		<parameter name="key.name" value="Enterprise_BB_Dynamic+10Multisites" />
		<classes>
			<class name="com.pldt.tests.PLDT.Products.EnterpriseBBDynamic_Multisite_Products"></class>
				<methods>
					<include name="LoginasAdmin" />
					<include name="CreateNewLeadandConvert" />
					<include name="CreateNewContact" />
					<exclude name="OpenExistingAccount" />
					<include name="createQuoteAndSelectServiceAddress" />
					<include name="AddProductsToCart" />
					<include name="UpdateQuote" />
					<include name="updateETSDetails" />
					<include name="syncronizeQLI" />
					<include name="GenerateNewContract" />
					<include name="verifyorders" />   
					<include name="captureReferenceData" /> 
				</methods>
		</classes>
	</test>
</suite>