<?xml version="1.0" encoding="UTF-8"?>
<suite name="IgateOfferPremiumFTTX">
	<test name="FromExistingAccount" enabled="true">
	<parameter name="key.name" value="Igate_Premium_FTTX" />
		<classes>
			<class name="com.pldt.tests.PLDT.Products.IgateOffer"></class>
			<methods>
			<include name="Login_as_Admin_into_SalesForce_Application" />
			<include name="Switching_to_RelationShipManager" />
			<exclude name="CreatingLead" />
			<exclude name="ChangingLeadStatus" />
			<exclude name="ConvertingLead" />
			<exclude name="contactCreationTest" />
			<include name="Open_Existing_Account" />
			<include name="createEnterpriseQuote" />
			<include name="BulkSites" />
			<include name="cartPage" />
			<include name="SiteBandZloc" />
			<include name="billingManagement" />
			<include name="updateContactDetails" />
			<include name="updateETSDetails" />
			<include name="creditCheck" />
			<include name="syncronizeQLIItems" />
			<include name="createContract" />
			<include name="verifyOrders" />
			<include name="getReferenceData" />
	</methods>
		</classes>
	</test>
</suite>