<?xml version="1.0" encoding="UTF-8"?>
<suite name="Igate_Direct_SwitchBIAB_IP_Radio">
	<test name="leadtoOrders" enabled="true">
	<parameter name="key.name" value="Igate_Direct_Switch_BIAB_IP Radio" />
		<classes>
			<class name="com.pldt.tests.PLDT.Products.IgateandSwitchBIAB"></class>
		<methods>
			<include name="Login_as_Admin_into_SalesForce_Application" />
			<include name="Switching_to_RelationShipManager" />
			<include name="CreatingLead" />
			<include name="ChangingLeadStatus" />
			<include name="ConvertingLead" />
			<include name="contactCreationTest" />
			<exclude name="Open_Existing_Account" />
			<include name="createEnterpriseQuote" />
			<include name="BulkSites" />
			<include name="cartPage" />
			<include name="SiteBandZloc" />
			<include name="billingManagement" />
			<include name="updateContactDetails" />
			<include name="updateETSDetails" />
			<include name="creditCheck" />
			<include name="syncronizeQLIItems" />
			<include name="createContract" />
			<include name="verifyOrders" />
			<include name="getReferenceData" />
	</methods>
		</classes>
	</test>
</suite>