<?xml version="1.0" encoding="UTF-8"?>

<suite name="Enterprise BB Dynamic SoftBundle">
	<test name="Enterprise BB + Cignal Commercial Transparant Offer" enabled="true">
		<parameter name="key.name" value="Enterprise_BB_Dynamic+Cignal_Commercial_Transperant_offer" />
		<classes>
			<class name="com.pldt.tests.PLDT.Products.EnterpriseBBStatic_CIGNAL"></class>
				<methods>
					<include name="LoginasAdmin" />
					<include name="CreatenewLead" />
					<include name="CreatenewContact" />
					<exclude name="OpenAccount" />
					<include name="createEnterpriseQuote" />
					<include name="AddProductsToCart" />
					<include name="UpdateQuote" />
					<include name="updateETSDetails" />
					<include name="CreditCheck" />
					<include name="syncronizeQLI" />
					<include name="GenerateContract" />
					<include name="GenerateDocuments" />
					<include name="verifyOrders" />   
					<include name="ReferenceData" /> 
				</methods>
		</classes>
	</test>
</suite>