<?xml version="1.0" encoding="UTF-8"?>
<suite name="BB_BeyondFiberMultiSites10">
	<test name="BeyondFiberBranchCameraTeleBIABSecurityCignalCloudlinevCPE" enabled="true">
		<classes>
			<parameter name="key.name" value="BBBeyondFiber_Multisite10BranchCameraTelecommuteBIABSecurityKitCignalCloudlinevCPE" />
			<class name="com.pldt.tests.PLDT.Products.BeyondFiber_BRANCHCameraTelecommuteBIABSecurityKitCignalCloudlinevCPE_Multisite10"></class>
			<methods>
					<include name="LoginasAdmin"/>
					<exclude name="CreateAndConvertLead" />
					<exclude name="createNewContact" />
					<include name="OpenExistingAccount" />
					<include name="createEnterpriseQuote" />
					<include name="selectServiceAdd"/>
					<include name="configureCart"/>
					<include name="SiteBandZloc"/>
					<include name="selectBillingAddress" />
					<include name="updateContactDetails" />
					<include name="updateETSDetails" />
					<include name="creditCheck" />
					<include name="syncronizeQLIItems" />
					<include name="GenerateContract" />
					<include name="verifyOrders" />		
					<include name="getReferenceData" />
				</methods>
		</classes>
	</test>
</suite>