<?xml version="1.0" encoding="UTF-8"?>

<suite name="Enterprise+Branch+Camera+Telecomm">
	<test name="Enterprise+Branch+Camera" enabled="true">
		<parameter name="key.name" value="Enterprise_BB_Dynamic+Branch(SD-WAN and Security)+Smart_Camera+Telecommute" />
		<classes>
			<class name="com.pldt.tests.PLDT.Products.EnterpriseBB_BRANCHCameraTelecommute"></class>
				<methods>
					<include name="LoginasAdmin" />
					<include name="CreateNewLeadandConvert" />
					<include name="CreateNewContact" />
					<exclude name="OpenExistingAccount" />
					<include name="createQuoteAndSelectServiceAddress" />
					<include name="AddProductsToCart" />
					<include name="UpdateQuote" />
					<include name="updateETSDetails" />
					<include name="syncronizeQLI" />
					<include name="GenerateNewContract" />
					<include name="verifyorders" />   
					<include name="captureReferenceData" /> 
				</methods>
		</classes>
	</test>
</suite>