<?xml version="1.0" encoding="UTF-8"?>

<suite name="AfterSales">
	<test name="ChangePlanDowngrade4G_EBro" enabled="true">
		<parameter name="key.name" value="ChangePlanDowngrade4G_Ebro" />
		<classes>
			<class name="com.pldt.tests.SMART.AfterSales.ChangePlan.ChangePlan_Downgrade_4G"></class>
			<methods>
				<include name="loginAsAdmin" />
				<include name="switchToRM" />
				<include name="createNewCase" />
				<include name="caseModification" />
				<include name="changePlan" />
				<include name="updateQuote" />
				<include name="validateCart" />
				<exclude name="loginAsCA" />
				<exclude name="updateCreditInformation" />
				<exclude name="loginAsRM" />
				<include name="QuotetoPDF" />
				<exclude name="contractCreation" />
				<exclude name="GenerateDocuments" />
				<include name="verifyOrderDetails" />
				<include name="getReferenceData" />
			</methods>
		</classes>
	</test>
</suite>