<?xml version="1.0" encoding="UTF-8"?>
<suite name="AfterSales">
	<test name="Change Assignee" enabled="true">
		<classes>
			<parameter name="key.name" value="P001653-21327" />
			<class name="com.pldt.tests.SMART.AfterSales.CaseManagement.CorporateChangeAssignee"></class>
			<methods>
				<include name="LoginAsAdmin" />
				<include name="OpenExistingAccount" />
				<include name="CaseCreationOnAccount" />
 				<include name="AcceptCase" />
				<include name="CaseModification" />
				<include name="VerifyTransaction" />
				<include name="ChangeStatusClosed"/>
			</methods>
		</classes>
	</test>
</suite>