<?xml version="1.0" encoding="UTF-8"?>
<suite name="AfterSales">
	<test name="Change TIN" enabled="true">
		<classes>
			<parameter name="key.name" value="P001653-21323" />
			<class name="com.pldt.tests.SMART.AfterSales.CaseManagement.ChangeTIN"></class>
			<methods>
				<include name="LoginAsAdmin" />
				<include name="OpenExistingAccount" />
				<include name="CaseCreationOnAccount" />
				<include name="CaseModificationTIN" />
				<include name="VerifyTransaction" />
				<include name="ChangeStatusClosed"/>
			</methods>
		</classes>
	</test>
</suite>