<?xml version="1.0" encoding="UTF-8"?>
<suite name="AfterSales">
	<test name="Transfer of Ownership" enabled="true">
		<classes>
			<parameter name="key.name" value="P001653-23425" />
			<class name="com.pldt.tests.SMART.AfterSales.CaseManagement.TransOwner"></class>
			<methods>
				<include name="LoginAdmin" />
				<include name="OpenAccount" />
				<include name="CaseCreation" />
				<include name="CreateBillingAc" />
				<include name="VerifyTransStatus" />
				<include name="SwitchUser" />
				<include name="additionalNewCase" />
				<include name="ModifyCase" />
				<include name="VerifyTranslatest" />
			</methods>
		</classes>
	</test>
</suite>