<?xml version="1.0" encoding="UTF-8"?>
<suite name="AfterSales">
	<test name="Transfer of Service" enabled="true">
		<classes>
			<parameter name="key.name" value="P001653-23420" />
			<class name="com.pldt.tests.SMART.AfterSales.CaseManagement.TransService"></class>
			<methods>
				<include name="LoginAdmin" />
				<include name="OpenAccount" />
				<include name="CaseCreation" />
				<include name="CreateBillingAc" />
				<include name="VerifyTransStatus" />
				<include name="SwitchAccount" />
				<include name="additionalNewCase" />				
				<include name="AcceptCase" />
				<include name="CaseModify" />
				<include name="VerifyTranslatest" />
			</methods>
		</classes>
	</test>
</suite>