<?xml version="1.0" encoding="UTF-8"?>
<suite name="AfterSales">
	<test name="VIPCodeChangeEE" enabled="true">
		<classes>
			<parameter name="key.name" value="P001653-18089" />
			<class
				name="com.pldt.tests.SMART.AfterSales.CaseManagement.VIPCodeChange"></class>
			<methods>
				<include name="LoginAsAdmin" />
				<include name="OpenExistingAccount" />
				<include name="CaseCreationOnAccount" />
				<include name="CaseModificationVIPCodeChange" />
				<include name="ApproveCase" />
				<include name="VerifyTransaction" />
			</methods>
		</classes>
	</test>
</suite>