<?xml version="1.0" encoding="UTF-8"?>

<suite name="Enterprise BB+Branch+Camera">
	<test name="Enterprise BB+Branch+Camera" enabled="true">
		<parameter name="key.name" value="Enterprise_BB_Dynamic+Branch(SD-WAN and Security)+Smart_Camera+Telecommute" />
		<classes>
			<class name="com.pldt.tests.PLDT.Products.EnterpriseBB_BRANCHCameraTelecommute"></class>
				<methods>
					<include name="LoginasAdmin" />
					<exclude name="CreatenewLead" />
					<exclude name="CreatenewContact" />
					<include name="OpenAccount" />
					<include name="createEnterpriseQuote" />
					<include name="AddProductsToCart" />
					<include name="UpdateQuote" />
					<include name="updateETSDetails" />
					<include name="CreditCheck" />
					<include name="syncronizeQLI" />
					<include name="GenerateContract" />
					<include name="GenerateDocuments" />
					<include name="verifyOrders" />   
					<include name="ReferenceData" /> 
				</methods>
		</classes>
	</test>
</suite>