<?xml version="1.0" encoding="UTF-8"?>
<suite name="NewConnect">
	<test name="Bulk1000" enabled="true">
		<classes>
			<class name="com.pldt.tests.SMART.NewConnect.NewConnect_Flow2"></class>
			<methods>
			<exclude name="CreatingLead" />
			<exclude name="contactCreationTest" />
			<exclude name="syncronizeQLIItems" />
			<exclude name="CreateContract" />
			<exclude name="generateDocuments" />
			<exclude name="ChangingContractStatus" />
			<exclude name="orders" />
	</methods>
		</classes>
	</test>
</suite>