<?xml version="1.0" encoding="UTF-8"?>
<suite name="NewConnect">
	<test name="Bulk10" enabled="true">
		<classes>
			<parameter name="key.name" value="BAUR41SIT" />
			<class name="com.pldt.tests.SMART.NewConnect.NewConnect_BAUR41SIT"></class>
			<methods>
				<include name="LoginasAdmin" />
				<include name="Switching_to_RelationShipManager" />
				<include name="OpenExistingAccount" />
				<exclude name="CreatingLead" />
				<exclude name="contactCreationTest" />
				<include name="QuoteCreationTest" />
				<exclude name="OpenExistingQuote" />
				<include name="AddProductsToCart" />
				<include name="availabilityChecks" />
				<include name="updateQuote" />
				<include name="createBillingAccount" />
				<include name="createServiceAccount" />
				<include name="updateAccounts" />	
				<include name="validateCart" />
				<include name="creditCheck" />
				<exclude name="performEbitApprovalTest" />
				<exclude name="quotetoPDF" />
				<exclude name="deviceReservations" />
				<exclude name="numberReservation" />
				<exclude name="syncronizeQLIItems" />
				<exclude name="CreateContract" />
				<exclude name="generateDocuments" />
				<exclude name="ChangingContractStatus" />
				<exclude name="orders" />
				<include name="getReferenceData" />
			</methods>
		</classes>
	</test>
</suite>